식사시간,지역,세부지역,성별,연령대,결혼유무,자녀유무,거주유무,결제업종,총결제금액,결제개수,기온,강수량,적설량,전운량,날씨_구름,날씨_비,날씨_눈
저녁,전라북도,전주시완산구,2,2,0,0,1,양식,307000,16,2.2,0.0,0.4,5,구름조금,비,눈
저녁,전라북도,전주시완산구,2,2,0,0,1,양식,307000,16,1.9,0.0,0.4,4,구름조금,비,눈
저녁,전라북도,전주시완산구,2,2,0,0,1,양식,307000,16,0.9,0.0,0.4,3,구름조금,비,눈
저녁,전라북도,전주시완산구,2,2,0,0,1,양식,307000,16,0.3,0.0,0.4,6,구름많음,비,눈
저녁,전라북도,전주시완산구,2,2,0,0,1,양식,307000,16,0.2,0.0,0.4,8,구름많음,비,눈
저녁,전라북도,전주시완산구,2,2,0,0,1,양식,307000,16,-0.3,0.0,0.4,9,흐림,비,눈
야간,전라북도,전주시완산구,2,5,0,0,0,양식,686000,12,-3.2,0.0,0.4,0,맑음,비,눈
야간,전라북도,전주시완산구,2,5,0,0,0,양식,686000,12,4.1,0.0,0.4,8,구름많음,비,눈
야간,전라북도,전주시완산구,2,5,0,0,0,양식,686000,12,3.6,0.0,0.4,9,흐림,비,눈
야간,전라북도,전주시완산구,2,5,0,0,0,양식,686000,12,3.5,0.0,0.4,0,맑음,비,눈
저녁,전라북도,전주시완산구,2,5,0,0,0,양식,72000,12,1.2,0.0,0.4,0,맑음,비,눈
저녁,전라북도,전주시완산구,2,5,0,0,0,양식,72000,12,1.2,0.0,0.4,0,맑음,비,눈
저녁,전라북도,전주시완산구,2,5,0,0,0,양식,72000,12,0.7,0.0,0.4,0,맑음,비,눈
저녁,전라북도,전주시완산구,2,5,0,0,0,양식,72000,12,-0.3,0.0,0.4,0,맑음,비,눈
저녁,전라북도,전주시완산구,2,5,0,0,0,양식,72000,12,-0.9,0.0,0.4,0,맑음,비,눈
저녁,전라북도,전주시완산구,2,5,0,0,0,양식,72000,12,-1.2,0.0,0.4,0,맑음,비,눈
점심,전라북도,전주시덕진구,1,3,0,0,1,양식,416000,24,5.4,0.0,0.4,6,구름많음,비,눈
점심,전라북도,전주시덕진구,1,3,0,0,1,양식,416000,24,5.6,0.0,0.4,7,구름많음,비,눈
점심,전라북도,전주시덕진구,1,3,0,0,1,양식,416000,24,5.7,0.0,0.4,8,구름많음,비,눈
저녁,전라북도,전주시덕진구,1,4,0,0,0,양식,276000,12,6.5,0.0,0.4,8,구름많음,비,눈
저녁,전라북도,전주시덕진구,1,4,0,0,0,양식,276000,12,6.1,0.0,0.4,6,구름많음,비,눈
저녁,전라북도,전주시덕진구,1,4,0,0,0,양식,276000,12,5.1,0.0,0.4,6,구름많음,비,눈
저녁,전라북도,전주시덕진구,1,4,0,0,0,양식,276000,12,3.9,0.0,0.4,6,구름많음,비,눈
저녁,전라북도,전주시덕진구,1,4,0,0,0,양식,276000,12,3.0,0.0,0.4,6,구름많음,비,눈
저녁,전라북도,전주시덕진구,1,4,0,0,0,양식,276000,12,2.4,0.0,0.4,7,구름많음,비,눈
저녁,전라북도,전주시덕진구,2,2,0,0,0,양식,348000,12,2.8,0.0,0.4,4,구름조금,비,눈
저녁,전라북도,전주시덕진구,2,2,0,0,0,양식,348000,12,3.1,0.0,0.4,5,구름조금,비,눈
저녁,전라북도,전주시덕진구,2,2,0,0,0,양식,348000,12,2.4,0.0,0.4,6,구름많음,비,눈
저녁,전라북도,전주시덕진구,2,2,0,0,0,양식,348000,12,0.7,0.0,0.4,7,구름많음,비,눈
저녁,전라북도,전주시덕진구,2,2,0,0,0,양식,348000,12,0.1,0.0,0.4,9,흐림,비,눈
저녁,전라북도,전주시덕진구,2,2,0,0,0,양식,348000,12,-0.7,0.0,0.4,8,구름많음,비,눈
점심,전라북도,전주시완산구,1,2,0,0,1,양식,237000,12,3.1,0.0,0.4,0,맑음,비,눈
점심,전라북도,전주시완산구,1,2,0,0,1,양식,237000,12,4.2,0.0,0.4,3,구름조금,비,눈
점심,전라북도,전주시완산구,1,2,0,0,1,양식,237000,12,4.2,0.0,0.4,0,맑음,비,눈
야간,전라북도,전주시완산구,2,2,0,0,1,양식,288000,12,0.6,0.4,0.3,9,흐림,비,눈
야간,전라북도,전주시완산구,2,2,0,0,1,양식,288000,12,0.7,0.0,0.4,8,구름많음,비,눈
야간,전라북도,전주시완산구,2,2,0,0,1,양식,288000,12,0.4,0.0,0.4,5,구름조금,비,눈
야간,전라북도,전주시완산구,2,2,0,0,1,양식,288000,12,0.3,0.0,0.4,1,맑음,비,눈
야간,전라북도,전주시덕진구,2,6,0,0,0,중식,360000,12,-1.6,0.0,0.4,7,구름많음,비,눈
저녁,전라북도,전주시덕진구,2,5,0,0,1,중식,1452000,66,5.5,0.0,0.4,2,맑음,비,눈
저녁,전라북도,전주시덕진구,2,5,0,0,1,중식,1452000,66,5.4,0.0,0.4,3,구름조금,비,눈
저녁,전라북도,전주시덕진구,2,5,0,0,1,중식,1452000,66,3.7,0.0,0.4,0,맑음,비,눈
저녁,전라북도,전주시덕진구,2,5,0,0,1,중식,1452000,66,2.5,0.0,0.4,0,맑음,비,눈
저녁,전라북도,전주시덕진구,2,5,0,0,1,중식,1452000,66,1.3,0.0,0.4,0,맑음,비,눈
저녁,전라북도,전주시덕진구,2,5,0,0,1,중식,1452000,66,0.8,0.0,0.4,0,맑음,비,눈
야간,전라북도,전주시덕진구,2,6,0,0,0,중식,360000,12,0.1,0.0,0.4,0,맑음,비,눈
야간,전라북도,전주시덕진구,2,6,0,0,0,중식,360000,12,-0.5,0.0,0.4,0,맑음,비,눈
야간,전라북도,전주시덕진구,2,6,0,0,0,중식,360000,12,-1.9,0.0,0.4,0,맑음,비,눈
저녁,전라북도,전주시덕진구,2,4,0,0,1,중식,320000,29,4.4,0.0,0.4,0,맑음,비,눈
저녁,전라북도,전주시완산구,1,5,0,0,0,중식,298000,19,4.4,0.0,0.4,0,맑음,비,눈
저녁,전라북도,전주시덕진구,2,4,0,0,1,중식,320000,29,4.3,0.0,0.4,0,맑음,비,눈
저녁,전라북도,전주시완산구,1,5,0,0,0,중식,298000,19,4.3,0.0,0.4,0,맑음,비,눈
저녁,전라북도,전주시덕진구,2,4,0,0,1,중식,320000,29,2.3,0.0,0.4,0,맑음,비,눈
저녁,전라북도,전주시완산구,1,5,0,0,0,중식,298000,19,2.3,0.0,0.4,0,맑음,비,눈
저녁,전라북도,전주시덕진구,2,4,0,0,1,중식,320000,29,1.0,0.0,0.4,0,맑음,비,눈
저녁,전라북도,전주시완산구,1,5,0,0,0,중식,298000,19,1.0,0.0,0.4,0,맑음,비,눈
저녁,전라북도,전주시덕진구,2,4,0,0,1,중식,320000,29,0.3,0.0,0.4,0,맑음,비,눈
저녁,전라북도,전주시완산구,1,5,0,0,0,중식,298000,19,0.3,0.0,0.4,0,맑음,비,눈
저녁,전라북도,전주시덕진구,2,4,0,0,1,중식,320000,29,0.1,0.0,0.4,0,맑음,비,눈
저녁,전라북도,전주시완산구,1,5,0,0,0,중식,298000,19,0.1,0.0,0.4,0,맑음,비,눈
점심,전라북도,전주시완산구,1,6,0,0,1,중식,636000,12,2.3,0.0,0.4,0,맑음,비,눈
점심,전라북도,전주시완산구,1,6,0,0,1,중식,636000,12,3.5,0.0,0.4,0,맑음,비,눈
점심,전라북도,전주시완산구,1,6,0,0,1,중식,636000,12,4.3,0.0,0.4,0,맑음,비,눈
저녁,전라북도,전주시덕진구,1,6,0,0,1,중식,216000,12,-0.9,0.0,0.4,3,구름조금,비,눈
저녁,전라북도,전주시덕진구,1,5,0,0,1,중식,956000,28,-0.9,0.0,0.4,3,구름조금,비,눈
저녁,전라북도,전주시덕진구,1,6,0,0,1,중식,216000,12,-1.3,0.0,0.4,3,구름조금,비,눈
저녁,전라북도,전주시덕진구,1,5,0,0,1,중식,956000,28,-1.3,0.0,0.4,3,구름조금,비,눈
저녁,전라북도,전주시덕진구,1,6,0,0,1,중식,216000,12,-1.4,0.0,0.4,6,구름많음,비,눈
저녁,전라북도,전주시덕진구,1,5,0,0,1,중식,956000,28,-1.4,0.0,0.4,6,구름많음,비,눈
저녁,전라북도,전주시덕진구,1,6,0,0,1,중식,216000,12,-2.5,0.0,0.4,0,맑음,비,눈
저녁,전라북도,전주시덕진구,1,5,0,0,1,중식,956000,28,-2.5,0.0,0.4,0,맑음,비,눈
저녁,전라북도,전주시덕진구,1,6,0,0,1,중식,216000,12,-3.4,0.0,0.4,0,맑음,비,눈
저녁,전라북도,전주시덕진구,1,5,0,0,1,중식,956000,28,-3.4,0.0,0.4,0,맑음,비,눈
저녁,전라북도,전주시덕진구,1,6,0,0,1,중식,216000,12,-3.8,0.0,0.4,0,맑음,비,눈
저녁,전라북도,전주시덕진구,1,5,0,0,1,중식,956000,28,-3.8,0.0,0.4,0,맑음,비,눈
저녁,전라북도,전주시완산구,1,4,0,0,1,중식,1178000,67,1.2,0.0,0.4,0,맑음,비,눈
저녁,전라북도,전주시완산구,1,4,0,0,1,중식,1178000,67,1.8,0.0,0.4,3,구름조금,비,눈
저녁,전라북도,전주시완산구,1,4,0,0,1,중식,1178000,67,1.2,0.0,0.4,5,구름조금,비,눈
저녁,전라북도,전주시완산구,1,4,0,0,1,중식,1178000,67,0.4,0.0,0.4,5,구름조금,비,눈
저녁,전라북도,전주시완산구,1,4,0,0,1,중식,1178000,67,-0.1,0.0,0.4,7,구름많음,비,눈
저녁,전라북도,전주시완산구,1,4,0,0,1,중식,1178000,67,-0.9,0.0,0.4,9,흐림,비,눈
야간,전라북도,전주시완산구,1,7,0,0,1,중식,240000,12,-1.0,0.0,0.4,0,맑음,비,눈
야간,전라북도,전주시덕진구,2,5,0,0,0,중식,1443000,70,-1.0,0.0,0.4,0,맑음,비,눈
야간,전라북도,전주시완산구,1,7,0,0,1,중식,240000,12,-0.9,0.0,0.4,8,구름많음,비,눈
야간,전라북도,전주시덕진구,2,5,0,0,0,중식,1443000,70,-0.9,0.0,0.4,8,구름많음,비,눈
야간,전라북도,전주시완산구,1,7,0,0,1,중식,240000,12,-0.9,0.0,0.4,9,흐림,비,눈
야간,전라북도,전주시덕진구,2,5,0,0,0,중식,1443000,70,-0.9,0.0,0.4,9,흐림,비,눈
야간,전라북도,전주시완산구,1,7,0,0,1,중식,240000,12,-1.4,0.0,0.4,8,구름많음,비,눈
야간,전라북도,전주시덕진구,2,5,0,0,0,중식,1443000,70,-1.4,0.0,0.4,8,구름많음,비,눈
저녁,전라북도,전주시덕진구,1,4,0,0,1,중식,1195000,48,3.7,0.0,0.4,1,맑음,비,눈
저녁,전라북도,전주시덕진구,1,4,0,0,1,중식,1195000,48,3.1,0.0,0.4,0,맑음,비,눈
저녁,전라북도,전주시덕진구,1,4,0,0,1,중식,1195000,48,2.8,0.0,0.4,0,맑음,비,눈
저녁,전라북도,전주시덕진구,1,4,0,0,1,중식,1195000,48,1.7,0.0,0.4,0,맑음,비,눈
저녁,전라북도,전주시덕진구,1,4,0,0,1,중식,1195000,48,0.2,0.0,0.4,0,맑음,비,눈
저녁,전라북도,전주시덕진구,1,4,0,0,1,중식,1195000,48,-1.0,0.0,0.4,1,맑음,비,눈
저녁,전라북도,전주시완산구,1,4,0,0,1,중식,2184000,48,-0.6,0.0,0.4,9,흐림,비,눈
저녁,전라북도,전주시완산구,2,6,0,0,1,중식,272000,20,-0.6,0.0,0.4,9,흐림,비,눈
저녁,전라북도,전주시완산구,1,4,0,0,1,중식,2184000,48,-0.7,0.0,0.4,9,흐림,비,눈
저녁,전라북도,전주시완산구,2,6,0,0,1,중식,272000,20,-0.7,0.0,0.4,9,흐림,비,눈
저녁,전라북도,전주시완산구,1,4,0,0,1,중식,2184000,48,-2.2,0.0,0.4,9,흐림,비,눈
저녁,전라북도,전주시완산구,2,6,0,0,1,중식,272000,20,-2.2,0.0,0.4,9,흐림,비,눈
저녁,전라북도,전주시완산구,1,4,0,0,1,중식,2184000,48,-2.0,0.1,0.2,8,구름많음,비,눈
저녁,전라북도,전주시완산구,2,6,0,0,1,중식,272000,20,-2.0,0.1,0.2,8,구름많음,비,눈
저녁,전라북도,전주시완산구,1,4,0,0,1,중식,2184000,48,-2.4,0.0,0.4,10,흐림,비,눈
저녁,전라북도,전주시완산구,2,6,0,0,1,중식,272000,20,-2.4,0.0,0.4,10,흐림,비,눈
저녁,전라북도,전주시완산구,1,4,0,0,1,중식,2184000,48,-3.1,0.0,0.4,7,구름많음,비,눈
저녁,전라북도,전주시완산구,2,6,0,0,1,중식,272000,20,-3.1,0.0,0.4,7,구름많음,비,눈
저녁,전라북도,전주시완산구,2,5,0,0,1,중식,2820000,73,1.8,0.0,0.4,8,구름많음,비,눈
저녁,전라북도,전주시완산구,2,5,0,0,1,중식,2820000,73,1.9,0.0,0.4,9,흐림,비,눈
저녁,전라북도,전주시완산구,2,5,0,0,1,중식,2820000,73,1.1,0.0,0.4,2,맑음,비,눈
저녁,전라북도,전주시완산구,2,5,0,0,1,중식,2820000,73,0.5,0.0,0.4,2,맑음,비,눈
저녁,전라북도,전주시완산구,2,5,0,0,1,중식,2820000,73,-0.2,0.0,0.4,0,맑음,비,눈
저녁,전라북도,전주시완산구,2,5,0,0,1,중식,2820000,73,-0.4,0.0,0.4,0,맑음,비,눈
저녁,전라북도,전주시완산구,2,5,0,0,0,중식,180000,12,1.8,0.0,0.4,9,흐림,비,눈
저녁,전라북도,전주시완산구,2,5,0,0,0,중식,180000,12,1.8,0.0,0.4,10,흐림,비,눈
저녁,전라북도,전주시완산구,2,5,0,0,0,중식,180000,12,1.8,0.0,0.4,10,흐림,비,눈
저녁,전라북도,전주시완산구,2,5,0,0,0,중식,180000,12,0.7,0.0,0.4,10,흐림,비,눈
저녁,전라북도,전주시완산구,2,5,0,0,0,중식,180000,12,0.4,0.0,0.4,9,흐림,비,눈
저녁,전라북도,전주시완산구,2,5,0,0,0,중식,180000,12,0.3,0.0,0.4,10,흐림,비,눈
점심,전라북도,전주시덕진구,2,3,0,0,0,중식,120000,12,4.4,0.0,0.4,7,구름많음,비,눈
점심,전라북도,전주시덕진구,2,3,0,0,0,중식,120000,12,6.0,0.0,0.4,8,구름많음,비,눈
점심,전라북도,전주시덕진구,2,3,0,0,0,중식,120000,12,7.3,0.0,0.4,9,흐림,비,눈
아침,전라북도,전주시완산구,2,4,0,0,1,한식,1488000,48,-1.5,0.0,0.4,8,구름많음,비,눈
아침,전라북도,전주시완산구,2,4,0,0,1,한식,1488000,48,-1.0,0.0,0.4,9,흐림,비,눈
아침,전라북도,전주시완산구,2,4,0,0,1,한식,1488000,48,-0.1,0.0,0.4,2,맑음,비,눈
아침,전라북도,전주시완산구,2,4,0,0,1,한식,1488000,48,2.5,0.0,0.4,4,구름조금,비,눈
아침,전라북도,전주시완산구,2,4,0,0,1,한식,1488000,48,1.2,0.0,0.4,9,흐림,비,눈
저녁,전라북도,전주시완산구,1,5,1,0,1,한식,738000,12,5.5,0.0,0.4,2,맑음,비,눈
저녁,전라북도,전주시완산구,2,6,1,0,1,한식,357000,12,5.5,0.0,0.4,2,맑음,비,눈
저녁,전라북도,전주시완산구,1,5,1,0,1,한식,738000,12,5.4,0.0,0.4,3,구름조금,비,눈
저녁,전라북도,전주시완산구,2,6,1,0,1,한식,357000,12,5.4,0.0,0.4,3,구름조금,비,눈
저녁,전라북도,전주시완산구,1,5,1,0,1,한식,738000,12,3.7,0.0,0.4,0,맑음,비,눈
저녁,전라북도,전주시완산구,2,6,1,0,1,한식,357000,12,3.7,0.0,0.4,0,맑음,비,눈
저녁,전라북도,전주시완산구,1,5,1,0,1,한식,738000,12,2.5,0.0,0.4,0,맑음,비,눈
저녁,전라북도,전주시완산구,2,6,1,0,1,한식,357000,12,2.5,0.0,0.4,0,맑음,비,눈
저녁,전라북도,전주시완산구,1,5,1,0,1,한식,738000,12,1.3,0.0,0.4,0,맑음,비,눈
저녁,전라북도,전주시완산구,2,6,1,0,1,한식,357000,12,1.3,0.0,0.4,0,맑음,비,눈
저녁,전라북도,전주시완산구,1,5,1,0,1,한식,738000,12,0.8,0.0,0.4,0,맑음,비,눈
저녁,전라북도,전주시완산구,2,6,1,0,1,한식,357000,12,0.8,0.0,0.4,0,맑음,비,눈
저녁,전라북도,전주시완산구,2,6,0,0,1,한식,1506000,72,3.3,0.0,0.4,0,맑음,비,눈
저녁,전라북도,전주시완산구,2,6,0,0,1,한식,1506000,72,3.7,0.0,0.4,0,맑음,비,눈
저녁,전라북도,전주시완산구,2,6,0,0,1,한식,1506000,72,2.9,0.0,0.4,0,맑음,비,눈
저녁,전라북도,전주시완산구,2,6,0,0,1,한식,1506000,72,2.1,0.0,0.4,0,맑음,비,눈
저녁,전라북도,전주시완산구,2,6,0,0,1,한식,1506000,72,1.6,0.0,0.4,0,맑음,비,눈
저녁,전라북도,전주시완산구,2,6,0,0,1,한식,1506000,72,0.1,0.0,0.4,0,맑음,비,눈
저녁,전라북도,전주시덕진구,1,6,0,0,1,한식,672000,31,4.4,0.0,0.4,0,맑음,비,눈
저녁,전라북도,전주시덕진구,1,5,0,0,0,한식,816000,48,4.4,0.0,0.4,0,맑음,비,눈
저녁,전라북도,전주시덕진구,1,6,0,0,1,한식,672000,31,4.3,0.0,0.4,0,맑음,비,눈
저녁,전라북도,전주시덕진구,1,5,0,0,0,한식,816000,48,4.3,0.0,0.4,0,맑음,비,눈
저녁,전라북도,전주시덕진구,1,6,0,0,1,한식,672000,31,2.3,0.0,0.4,0,맑음,비,눈
저녁,전라북도,전주시덕진구,1,5,0,0,0,한식,816000,48,2.3,0.0,0.4,0,맑음,비,눈
저녁,전라북도,전주시덕진구,1,6,0,0,1,한식,672000,31,1.0,0.0,0.4,0,맑음,비,눈
저녁,전라북도,전주시덕진구,1,5,0,0,0,한식,816000,48,1.0,0.0,0.4,0,맑음,비,눈
저녁,전라북도,전주시덕진구,1,6,0,0,1,한식,672000,31,0.3,0.0,0.4,0,맑음,비,눈
저녁,전라북도,전주시덕진구,1,5,0,0,0,한식,816000,48,0.3,0.0,0.4,0,맑음,비,눈
저녁,전라북도,전주시덕진구,1,6,0,0,1,한식,672000,31,0.1,0.0,0.4,0,맑음,비,눈
저녁,전라북도,전주시덕진구,1,5,0,0,0,한식,816000,48,0.1,0.0,0.4,0,맑음,비,눈
저녁,전라북도,전주시덕진구,1,6,0,0,1,한식,1361000,46,2.9,0.0,0.4,10,흐림,비,눈
저녁,전라북도,전주시덕진구,1,6,0,0,1,한식,1361000,46,3.1,0.0,0.4,10,흐림,비,눈
저녁,전라북도,전주시덕진구,1,6,0,0,1,한식,1361000,46,2.6,0.0,0.4,10,흐림,비,눈
저녁,전라북도,전주시덕진구,1,6,0,0,1,한식,1361000,46,2.4,0.0,0.4,10,흐림,비,눈
저녁,전라북도,전주시덕진구,1,6,0,0,1,한식,1361000,46,2.2,0.0,0.4,10,흐림,비,눈
저녁,전라북도,전주시덕진구,1,6,0,0,1,한식,1361000,46,2.2,0.0,0.4,9,흐림,비,눈
아침,전라북도,전주시완산구,1,4,0,0,1,한식,10000,6,-3.1,0.0,0.4,0,맑음,비,눈
아침,전라북도,전주시완산구,1,4,0,0,1,한식,10000,6,-3.5,0.0,0.4,0,맑음,비,눈
아침,전라북도,전주시완산구,1,4,0,0,1,한식,10000,6,-1.5,0.0,0.4,0,맑음,비,눈
아침,전라북도,전주시완산구,1,4,0,0,1,한식,10000,6,0.4,0.0,0.4,0,맑음,비,눈
아침,전라북도,전주시완산구,1,4,0,0,1,한식,10000,6,1.0,0.0,0.4,0,맑음,비,눈
아침,전라북도,전주시덕진구,2,5,0,0,1,한식,180000,12,-5.1,0.0,0.4,0,맑음,비,눈
아침,전라북도,전주시덕진구,2,5,0,0,1,한식,180000,12,-5.5,0.0,0.4,0,맑음,비,눈
아침,전라북도,전주시덕진구,2,5,0,0,1,한식,180000,12,-2.8,0.0,0.4,0,맑음,비,눈
아침,전라북도,전주시덕진구,2,5,0,0,1,한식,180000,12,-0.6,0.0,0.4,0,맑음,비,눈
아침,전라북도,전주시덕진구,2,5,0,0,1,한식,180000,12,2.3,0.0,0.4,0,맑음,비,눈
저녁,전라북도,전주시덕진구,1,2,0,0,0,한식,372000,12,6.6,0.0,0.4,4,구름조금,비,눈
저녁,전라북도,전주시덕진구,1,2,0,0,0,한식,372000,12,6.4,0.0,0.4,3,구름조금,비,눈
저녁,전라북도,전주시덕진구,1,2,0,0,0,한식,372000,12,5.5,0.0,0.4,8,구름많음,비,눈
저녁,전라북도,전주시덕진구,1,2,0,0,0,한식,372000,12,4.1,0.0,0.4,8,구름많음,비,눈
저녁,전라북도,전주시덕진구,1,2,0,0,0,한식,372000,12,3.5,0.0,0.4,9,흐림,비,눈
저녁,전라북도,전주시덕진구,1,2,0,0,0,한식,372000,12,3.1,0.0,0.4,10,흐림,비,눈
저녁,전라북도,전주시완산구,2,6,9,9,1,한식,525000,14,-1.1,0.0,0.4,4,구름조금,비,눈
저녁,전라북도,전주시완산구,2,6,9,9,1,한식,525000,14,-1.7,0.0,0.4,2,맑음,비,눈
저녁,전라북도,전주시완산구,2,6,9,9,1,한식,525000,14,-2.5,0.0,0.4,3,구름조금,비,눈
저녁,전라북도,전주시완산구,2,6,9,9,1,한식,525000,14,-3.6,0.0,0.4,0,맑음,비,눈
저녁,전라북도,전주시완산구,2,6,9,9,1,한식,525000,14,-4.2,0.0,0.4,0,맑음,비,눈
저녁,전라북도,전주시완산구,2,6,9,9,1,한식,525000,14,-4.9,0.0,0.4,0,맑음,비,눈
저녁,전라북도,전주시완산구,2,4,0,0,0,한식,2167000,89,0.8,0.0,0.4,6,구름많음,비,눈
저녁,전라북도,전주시완산구,2,4,0,0,0,한식,2167000,89,-0.1,0.0,0.4,5,구름조금,비,눈
저녁,전라북도,전주시완산구,2,4,0,0,0,한식,2167000,89,-1.2,0.0,0.4,3,구름조금,비,눈
저녁,전라북도,전주시완산구,2,4,0,0,0,한식,2167000,89,-2.2,0.0,0.4,0,맑음,비,눈
저녁,전라북도,전주시완산구,2,4,0,0,0,한식,2167000,89,-2.8,0.0,0.4,3,구름조금,비,눈
저녁,전라북도,전주시완산구,2,4,0,0,0,한식,2167000,89,-3.2,0.0,0.4,4,구름조금,비,눈
저녁,전라북도,전주시완산구,2,7,0,0,1,한식,120000,12,-0.9,0.0,0.4,3,구름조금,비,눈
저녁,전라북도,전주시덕진구,1,2,0,0,1,한식,552000,24,-0.9,0.0,0.4,3,구름조금,비,눈
저녁,전라북도,전주시완산구,2,7,0,0,1,한식,120000,12,-1.3,0.0,0.4,3,구름조금,비,눈
저녁,전라북도,전주시덕진구,1,2,0,0,1,한식,552000,24,-1.3,0.0,0.4,3,구름조금,비,눈
저녁,전라북도,전주시완산구,2,7,0,0,1,한식,120000,12,-1.4,0.0,0.4,6,구름많음,비,눈
저녁,전라북도,전주시덕진구,1,2,0,0,1,한식,552000,24,-1.4,0.0,0.4,6,구름많음,비,눈
저녁,전라북도,전주시완산구,2,7,0,0,1,한식,120000,12,-2.5,0.0,0.4,0,맑음,비,눈
저녁,전라북도,전주시덕진구,1,2,0,0,1,한식,552000,24,-2.5,0.0,0.4,0,맑음,비,눈
저녁,전라북도,전주시완산구,2,7,0,0,1,한식,120000,12,-3.4,0.0,0.4,0,맑음,비,눈
저녁,전라북도,전주시덕진구,1,2,0,0,1,한식,552000,24,-3.4,0.0,0.4,0,맑음,비,눈
저녁,전라북도,전주시완산구,2,7,0,0,1,한식,120000,12,-3.8,0.0,0.4,0,맑음,비,눈
저녁,전라북도,전주시덕진구,1,2,0,0,1,한식,552000,24,-3.8,0.0,0.4,0,맑음,비,눈
점심,전라북도,전주시덕진구,2,6,0,0,0,한식,186000,12,5.3,0.0,0.4,2,맑음,비,눈
점심,전라북도,전주시덕진구,2,6,0,0,0,한식,186000,12,7.3,0.0,0.4,3,구름조금,비,눈
점심,전라북도,전주시덕진구,2,6,0,0,0,한식,186000,12,6.3,0.0,0.4,9,흐림,비,눈
저녁,전라북도,전주시완산구,2,4,0,1,1,한식,1032000,48,6.5,0.0,0.4,9,흐림,비,눈
저녁,전라북도,전주시완산구,2,4,0,1,1,한식,1032000,48,6.2,0.0,0.4,9,흐림,비,눈
저녁,전라북도,전주시완산구,2,4,0,1,1,한식,1032000,48,5.9,0.0,0.4,9,흐림,비,눈
저녁,전라북도,전주시완산구,2,4,0,1,1,한식,1032000,48,5.8,0.0,0.4,9,흐림,비,눈
저녁,전라북도,전주시완산구,2,4,0,1,1,한식,1032000,48,5.2,0.0,0.4,0,맑음,비,눈
저녁,전라북도,전주시완산구,2,4,0,1,1,한식,1032000,48,4.4,0.0,0.4,7,구름많음,비,눈
야간,전라북도,전주시덕진구,1,5,0,1,0,한식,1368000,12,3.4,0.0,0.4,7,구름많음,비,눈
야간,전라북도,전주시덕진구,1,5,0,1,0,한식,1368000,12,-2.0,0.0,0.4,0,맑음,비,눈
야간,전라북도,전주시덕진구,1,5,0,1,0,한식,1368000,12,-3.0,0.0,0.4,0,맑음,비,눈
야간,전라북도,전주시덕진구,1,5,0,1,0,한식,1368000,12,-3.3,0.0,0.4,0,맑음,비,눈
저녁,전라북도,전주시덕진구,1,5,0,0,0,한식,552000,36,0.8,0.0,0.4,6,구름많음,비,눈
저녁,전라북도,전주시덕진구,1,5,0,0,0,한식,552000,36,2.1,0.0,0.4,3,구름조금,비,눈
저녁,전라북도,전주시덕진구,1,5,0,0,0,한식,552000,36,1.6,0.0,0.4,9,흐림,비,눈
저녁,전라북도,전주시덕진구,1,5,0,0,0,한식,552000,36,0.9,0.2,0.4,9,흐림,비,눈
저녁,전라북도,전주시덕진구,1,5,0,0,0,한식,552000,36,0.5,0.0,0.4,9,흐림,비,눈
저녁,전라북도,전주시덕진구,1,5,0,0,0,한식,552000,36,0.2,0.0,0.4,9,흐림,비,눈
저녁,전라북도,전주시덕진구,2,7,0,0,1,한식,2888000,116,1.2,0.0,0.4,0,맑음,비,눈
저녁,전라북도,전주시덕진구,2,7,0,0,1,한식,2888000,116,1.2,0.0,0.4,0,맑음,비,눈
저녁,전라북도,전주시덕진구,2,7,0,0,1,한식,2888000,116,0.7,0.0,0.4,0,맑음,비,눈
저녁,전라북도,전주시덕진구,2,7,0,0,1,한식,2888000,116,-0.3,0.0,0.4,0,맑음,비,눈
저녁,전라북도,전주시덕진구,2,7,0,0,1,한식,2888000,116,-0.9,0.0,0.4,0,맑음,비,눈
저녁,전라북도,전주시덕진구,2,7,0,0,1,한식,2888000,116,-1.2,0.0,0.4,0,맑음,비,눈
야간,전라북도,전주시완산구,1,7,9,9,1,한식,96000,5,-4.3,0.0,0.4,0,맑음,비,눈
저녁,전라북도,전주시완산구,2,6,0,0,1,한식,2563000,99,5.0,0.0,0.4,9,흐림,비,눈
저녁,전라북도,전주시덕진구,1,7,0,0,1,한식,192000,8,5.0,0.0,0.4,9,흐림,비,눈
저녁,전라북도,전주시덕진구,1,5,9,9,1,한식,60000,3,5.0,0.0,0.4,9,흐림,비,눈
저녁,전라북도,전주시완산구,2,6,0,0,1,한식,2563000,99,2.0,0.0,0.4,10,흐림,비,눈
저녁,전라북도,전주시덕진구,1,7,0,0,1,한식,192000,8,2.0,0.0,0.4,10,흐림,비,눈
저녁,전라북도,전주시덕진구,1,5,9,9,1,한식,60000,3,2.0,0.0,0.4,10,흐림,비,눈
저녁,전라북도,전주시완산구,2,6,0,0,1,한식,2563000,99,0.4,0.0,0.4,10,흐림,비,눈
저녁,전라북도,전주시덕진구,1,7,0,0,1,한식,192000,8,0.4,0.0,0.4,10,흐림,비,눈
저녁,전라북도,전주시덕진구,1,5,9,9,1,한식,60000,3,0.4,0.0,0.4,10,흐림,비,눈
저녁,전라북도,전주시완산구,2,6,0,0,1,한식,2563000,99,0.3,0.2,0.4,10,흐림,비,눈
저녁,전라북도,전주시덕진구,1,7,0,0,1,한식,192000,8,0.3,0.2,0.4,10,흐림,비,눈
저녁,전라북도,전주시덕진구,1,5,9,9,1,한식,60000,3,0.3,0.2,0.4,10,흐림,비,눈
저녁,전라북도,전주시완산구,2,6,0,0,1,한식,2563000,99,0.3,0.0,0.4,9,흐림,비,눈
저녁,전라북도,전주시덕진구,1,7,0,0,1,한식,192000,8,0.3,0.0,0.4,9,흐림,비,눈
저녁,전라북도,전주시덕진구,1,5,9,9,1,한식,60000,3,0.3,0.0,0.4,9,흐림,비,눈
저녁,전라북도,전주시완산구,2,6,0,0,1,한식,2563000,99,-0.2,0.0,0.3,7,구름많음,비,눈
저녁,전라북도,전주시덕진구,1,7,0,0,1,한식,192000,8,-0.2,0.0,0.3,7,구름많음,비,눈
저녁,전라북도,전주시덕진구,1,5,9,9,1,한식,60000,3,-0.2,0.0,0.3,7,구름많음,비,눈
야간,전라북도,전주시완산구,1,7,9,9,1,한식,96000,5,-0.9,0.0,0.1,9,흐림,비,눈
야간,전라북도,전주시완산구,1,7,9,9,1,한식,96000,5,-1.2,0.0,0.4,6,구름많음,비,눈
야간,전라북도,전주시완산구,1,7,9,9,1,한식,96000,5,-2.4,0.0,0.4,1,맑음,비,눈
아침,전라북도,전주시완산구,2,4,0,0,0,한식,198000,11,-6.8,0.0,0.4,0,맑음,비,눈
아침,전라북도,전주시완산구,2,4,0,0,0,한식,198000,11,-7.1,0.0,0.4,0,맑음,비,눈
아침,전라북도,전주시완산구,2,4,0,0,0,한식,198000,11,-4.5,0.0,0.4,0,맑음,비,눈
아침,전라북도,전주시완산구,2,4,0,0,0,한식,198000,11,-2.6,0.0,0.4,0,맑음,비,눈
아침,전라북도,전주시완산구,2,4,0,0,0,한식,198000,11,0.5,0.0,0.4,1,맑음,비,눈
저녁,전라북도,전주시덕진구,2,2,0,0,1,한식,1654000,46,8.4,0.0,0.4,10,흐림,비,눈
저녁,전라북도,전주시덕진구,2,2,0,0,1,한식,1654000,46,8.8,0.0,0.4,10,흐림,비,눈
저녁,전라북도,전주시덕진구,2,2,0,0,1,한식,1654000,46,8.4,0.0,0.4,10,흐림,비,눈
저녁,전라북도,전주시덕진구,2,2,0,0,1,한식,1654000,46,6.2,0.0,0.4,8,구름많음,비,눈
저녁,전라북도,전주시덕진구,2,2,0,0,1,한식,1654000,46,5.5,0.0,0.4,6,구름많음,비,눈
저녁,전라북도,전주시덕진구,2,2,0,0,1,한식,1654000,46,4.9,0.0,0.4,8,구름많음,비,눈
새벽,전라북도,전주시완산구,1,2,0,0,1,한식,162000,12,1.0,0.0,0.4,0,맑음,비,눈
새벽,전라북도,전주시완산구,1,2,0,0,1,한식,162000,12,1.0,0.0,0.4,0,맑음,비,눈
새벽,전라북도,전주시완산구,1,2,0,0,1,한식,162000,12,0.3,0.0,0.4,0,맑음,비,눈
새벽,전라북도,전주시완산구,1,2,0,0,1,한식,162000,12,0.2,0.0,0.4,8,구름많음,비,눈
새벽,전라북도,전주시완산구,1,2,0,0,1,한식,162000,12,-0.3,0.0,0.4,5,구름조금,비,눈
새벽,전라북도,전주시완산구,1,2,0,0,1,한식,162000,12,0.5,0.0,0.4,9,흐림,비,눈
점심,전라북도,전주시완산구,2,3,0,0,0,한식,225000,12,9.1,0.0,0.4,8,구름많음,비,눈
점심,전라북도,전주시완산구,2,3,0,0,0,한식,225000,12,9.4,0.0,0.4,8,구름많음,비,눈
점심,전라북도,전주시완산구,2,3,0,0,0,한식,225000,12,9.6,0.0,0.4,9,흐림,비,눈
새벽,전라북도,전주시덕진구,1,5,0,0,1,한식,276000,12,6.3,0.0,0.4,10,흐림,비,눈
새벽,전라북도,전주시덕진구,1,5,0,0,1,한식,276000,12,6.2,0.0,0.4,10,흐림,비,눈
새벽,전라북도,전주시덕진구,1,5,0,0,1,한식,276000,12,5.9,0.0,0.4,9,흐림,비,눈
새벽,전라북도,전주시덕진구,1,5,0,0,1,한식,276000,12,5.7,0.0,0.4,9,흐림,비,눈
새벽,전라북도,전주시덕진구,1,5,0,0,1,한식,276000,12,5.8,0.0,0.4,9,흐림,비,눈
새벽,전라북도,전주시덕진구,1,5,0,0,1,한식,276000,12,5.6,0.0,0.4,10,흐림,비,눈
점심,전라북도,전주시덕진구,2,6,0,0,1,한식,1239000,51,1.0,0.0,0.4,0,맑음,비,눈
점심,전라북도,전주시덕진구,2,6,0,0,1,한식,1239000,51,2.4,0.0,0.4,0,맑음,비,눈
점심,전라북도,전주시덕진구,2,6,0,0,1,한식,1239000,51,3.0,0.0,0.4,0,맑음,비,눈
저녁,전라북도,전주시덕진구,2,4,0,1,1,한식,726000,24,2.8,0.0,0.4,4,구름조금,비,눈
저녁,전라북도,전주시덕진구,2,4,0,1,1,한식,726000,24,3.1,0.0,0.4,5,구름조금,비,눈
저녁,전라북도,전주시덕진구,2,4,0,1,1,한식,726000,24,2.4,0.0,0.4,6,구름많음,비,눈
저녁,전라북도,전주시덕진구,2,4,0,1,1,한식,726000,24,0.7,0.0,0.4,7,구름많음,비,눈
저녁,전라북도,전주시덕진구,2,4,0,1,1,한식,726000,24,0.1,0.0,0.4,9,흐림,비,눈
저녁,전라북도,전주시덕진구,2,4,0,1,1,한식,726000,24,-0.7,0.0,0.4,8,구름많음,비,눈
저녁,전라북도,전주시완산구,2,6,0,0,0,한식,960000,36,2.9,0.0,0.4,3,구름조금,비,눈
저녁,전라북도,전주시덕진구,2,6,0,1,1,한식,120000,6,2.9,0.0,0.4,3,구름조금,비,눈
저녁,전라북도,전주시완산구,2,6,0,0,0,한식,960000,36,3.3,0.0,0.4,2,맑음,비,눈
저녁,전라북도,전주시덕진구,2,6,0,1,1,한식,120000,6,3.3,0.0,0.4,2,맑음,비,눈
저녁,전라북도,전주시완산구,2,6,0,0,0,한식,960000,36,2.2,0.0,0.4,7,구름많음,비,눈
저녁,전라북도,전주시덕진구,2,6,0,1,1,한식,120000,6,2.2,0.0,0.4,7,구름많음,비,눈
저녁,전라북도,전주시완산구,2,6,0,0,0,한식,960000,36,0.9,0.0,0.4,0,맑음,비,눈
저녁,전라북도,전주시덕진구,2,6,0,1,1,한식,120000,6,0.9,0.0,0.4,0,맑음,비,눈
저녁,전라북도,전주시완산구,2,6,0,0,0,한식,960000,36,0.3,0.0,0.4,0,맑음,비,눈
저녁,전라북도,전주시덕진구,2,6,0,1,1,한식,120000,6,0.3,0.0,0.4,0,맑음,비,눈
저녁,전라북도,전주시완산구,2,6,0,0,0,한식,960000,36,-0.2,0.0,0.4,0,맑음,비,눈
저녁,전라북도,전주시덕진구,2,6,0,1,1,한식,120000,6,-0.2,0.0,0.4,0,맑음,비,눈
야간,전라북도,전주시덕진구,2,2,0,0,1,한식,898000,22,-2.6,0.0,0.4,0,맑음,비,눈
야간,전라북도,전주시덕진구,2,2,0,0,1,한식,898000,22,0.1,0.0,0.4,0,맑음,비,눈
야간,전라북도,전주시덕진구,2,2,0,0,1,한식,898000,22,0.2,0.0,0.4,3,구름조금,비,눈
야간,전라북도,전주시덕진구,2,2,0,0,1,한식,898000,22,2.3,0.0,0.4,9,흐림,비,눈
야간,전라북도,전주시완산구,1,5,0,0,1,한식,1010000,26,0.6,0.4,0.3,9,흐림,비,눈
야간,전라북도,전주시완산구,1,5,0,0,1,한식,1010000,26,0.7,0.0,0.4,8,구름많음,비,눈
야간,전라북도,전주시완산구,1,5,0,0,1,한식,1010000,26,0.4,0.0,0.4,5,구름조금,비,눈
야간,전라북도,전주시완산구,1,5,0,0,1,한식,1010000,26,0.3,0.0,0.4,1,맑음,비,눈
야간,전라북도,전주시완산구,1,3,0,1,1,한식,216000,12,-2.1,0.0,0.4,1,맑음,비,눈
아침,전라북도,전주시완산구,2,6,0,0,1,한식,480000,24,-4.0,0.0,0.4,0,맑음,비,눈
아침,전라북도,전주시완산구,2,6,0,0,1,한식,480000,24,-4.3,0.0,0.4,0,맑음,비,눈
아침,전라북도,전주시완산구,2,6,0,0,1,한식,480000,24,-1.4,0.0,0.4,0,맑음,비,눈
아침,전라북도,전주시완산구,2,6,0,0,1,한식,480000,24,0.8,0.0,0.4,2,맑음,비,눈
아침,전라북도,전주시완산구,2,6,0,0,1,한식,480000,24,1.0,0.0,0.4,2,맑음,비,눈
점심,전라북도,전주시덕진구,2,4,0,0,0,한식,144000,12,2.8,0.0,0.4,2,맑음,비,눈
점심,전라북도,전주시덕진구,2,4,0,0,0,한식,144000,12,3.0,0.0,0.4,2,맑음,비,눈
점심,전라북도,전주시덕진구,2,4,0,0,0,한식,144000,12,3.3,0.0,0.4,2,맑음,비,눈
야간,전라북도,전주시완산구,1,3,0,1,1,한식,216000,12,-1.9,0.0,0.4,6,구름많음,비,눈
야간,전라북도,전주시완산구,1,3,0,1,1,한식,216000,12,-2.6,0.0,0.4,8,구름많음,비,눈
야간,전라북도,전주시완산구,1,3,0,1,1,한식,216000,12,-2.9,0.0,0.4,10,흐림,비,눈
점심,전라북도,전주시완산구,2,6,0,0,1,한식,936000,36,0.1,0.0,0.4,5,구름조금,비,눈
점심,전라북도,전주시완산구,2,6,0,0,1,한식,936000,36,1.2,0.0,0.4,8,구름많음,비,눈
점심,전라북도,전주시완산구,2,6,0,0,1,한식,936000,36,1.6,0.0,0.4,8,구름많음,비,눈
야간,전라북도,전주시덕진구,1,6,0,0,0,한식,1152000,36,-2.9,0.0,0.4,0,맑음,비,눈
야간,전라북도,전주시덕진구,1,6,0,0,0,한식,1152000,36,0.1,0.0,0.4,10,흐림,비,눈
야간,전라북도,전주시덕진구,1,6,0,0,0,한식,1152000,36,-0.2,0.0,0.4,10,흐림,비,눈
야간,전라북도,전주시덕진구,1,6,0,0,0,한식,1152000,36,-0.5,0.0,0.4,10,흐림,비,눈
새벽,전라북도,전주시덕진구,1,3,0,0,0,한식,392000,8,1.4,0.0,0.4,10,흐림,비,눈
새벽,전라북도,전주시덕진구,1,3,0,0,0,한식,392000,8,1.3,0.0,0.4,10,흐림,비,눈
새벽,전라북도,전주시덕진구,1,3,0,0,0,한식,392000,8,1.0,0.0,0.4,10,흐림,비,눈
새벽,전라북도,전주시덕진구,1,3,0,0,0,한식,392000,8,1.0,0.0,0.4,10,흐림,비,눈
새벽,전라북도,전주시덕진구,1,3,0,0,0,한식,392000,8,0.8,0.0,0.4,10,흐림,비,눈
새벽,전라북도,전주시덕진구,1,3,0,0,0,한식,392000,8,0.0,0.0,0.4,7,구름많음,비,눈
점심,전라북도,전주시완산구,1,6,0,0,1,한식,619000,51,5.6,0.0,0.4,0,맑음,비,눈
점심,전라북도,전주시완산구,1,6,0,0,1,한식,619000,51,6.6,0.0,0.4,0,맑음,비,눈
점심,전라북도,전주시완산구,1,6,0,0,1,한식,619000,51,8.1,0.0,0.4,0,맑음,비,눈
새벽,전라북도,전주시덕진구,1,4,0,0,0,일식,672000,12,-2.8,0.0,0.4,0,맑음,비,눈
새벽,전라북도,전주시덕진구,1,4,0,0,0,일식,672000,12,-3.6,0.0,0.4,0,맑음,비,눈
새벽,전라북도,전주시덕진구,1,4,0,0,0,일식,672000,12,-3.8,0.0,0.4,0,맑음,비,눈
새벽,전라북도,전주시덕진구,1,4,0,0,0,일식,672000,12,-4.9,0.0,0.4,0,맑음,비,눈
새벽,전라북도,전주시덕진구,1,4,0,0,0,일식,672000,12,-4.8,0.0,0.4,2,맑음,비,눈
새벽,전라북도,전주시덕진구,1,4,0,0,0,일식,672000,12,-5.0,0.0,0.4,1,맑음,비,눈
저녁,전라북도,전주시덕진구,1,3,0,0,1,일식,310000,12,3.3,0.0,0.4,0,맑음,비,눈
저녁,전라북도,전주시덕진구,1,3,0,0,1,일식,310000,12,3.7,0.0,0.4,0,맑음,비,눈
저녁,전라북도,전주시덕진구,1,3,0,0,1,일식,310000,12,2.9,0.0,0.4,0,맑음,비,눈
저녁,전라북도,전주시덕진구,1,3,0,0,1,일식,310000,12,2.1,0.0,0.4,0,맑음,비,눈
저녁,전라북도,전주시덕진구,1,3,0,0,1,일식,310000,12,1.6,0.0,0.4,0,맑음,비,눈
저녁,전라북도,전주시덕진구,1,3,0,0,1,일식,310000,12,0.1,0.0,0.4,0,맑음,비,눈
야간,전라북도,전주시덕진구,1,4,0,1,1,일식,216000,6,-2.2,0.0,0.4,8,구름많음,비,눈
야간,전라북도,전주시덕진구,1,4,0,1,1,일식,216000,6,1.6,0.0,0.4,8,구름많음,비,눈
야간,전라북도,전주시덕진구,1,4,0,1,1,일식,216000,6,1.3,0.0,0.4,9,흐림,비,눈
야간,전라북도,전주시덕진구,1,4,0,1,1,일식,216000,6,1.2,0.0,0.4,9,흐림,비,눈
야간,전라북도,전주시완산구,2,5,0,0,0,일식,1056000,12,-2.0,0.0,0.4,0,맑음,비,눈
야간,전라북도,전주시완산구,2,5,0,0,0,일식,1056000,12,-0.6,0.0,0.4,0,맑음,비,눈
야간,전라북도,전주시완산구,2,5,0,0,0,일식,1056000,12,-1.7,0.0,0.4,0,맑음,비,눈
야간,전라북도,전주시완산구,2,5,0,0,0,일식,1056000,12,-2.2,0.0,0.4,0,맑음,비,눈
새벽,전라북도,전주시완산구,1,3,0,0,1,일식,32000,3,-1.0,0.0,0.4,0,맑음,비,눈
새벽,전라북도,전주시완산구,1,3,0,0,1,일식,32000,3,-1.8,0.0,0.4,0,맑음,비,눈
새벽,전라북도,전주시완산구,1,3,0,0,1,일식,32000,3,-2.2,0.0,0.4,0,맑음,비,눈
새벽,전라북도,전주시완산구,1,3,0,0,1,일식,32000,3,-1.9,0.0,0.4,0,맑음,비,눈
새벽,전라북도,전주시완산구,1,3,0,0,1,일식,32000,3,-2.8,0.0,0.4,0,맑음,비,눈
새벽,전라북도,전주시완산구,1,3,0,0,1,일식,32000,3,-2.7,0.0,0.4,0,맑음,비,눈
저녁,전라북도,전주시덕진구,1,4,0,0,0,일식,540000,12,1.2,0.0,0.4,0,맑음,비,눈
저녁,전라북도,전주시덕진구,1,4,0,0,0,일식,540000,12,1.8,0.0,0.4,3,구름조금,비,눈
저녁,전라북도,전주시덕진구,1,4,0,0,0,일식,540000,12,1.2,0.0,0.4,5,구름조금,비,눈
저녁,전라북도,전주시덕진구,1,4,0,0,0,일식,540000,12,0.4,0.0,0.4,5,구름조금,비,눈
저녁,전라북도,전주시덕진구,1,4,0,0,0,일식,540000,12,-0.1,0.0,0.4,7,구름많음,비,눈
저녁,전라북도,전주시덕진구,1,4,0,0,0,일식,540000,12,-0.9,0.0,0.4,9,흐림,비,눈
저녁,전라북도,전주시덕진구,2,3,0,0,1,일식,144000,12,0.8,0.0,0.4,4,구름조금,비,눈
저녁,전라북도,전주시덕진구,2,3,0,0,1,일식,144000,12,0.7,0.0,0.4,3,구름조금,비,눈
저녁,전라북도,전주시덕진구,2,3,0,0,1,일식,144000,12,0.6,0.0,0.4,2,맑음,비,눈
저녁,전라북도,전주시덕진구,2,3,0,0,1,일식,144000,12,-0.8,0.0,0.4,0,맑음,비,눈
저녁,전라북도,전주시덕진구,2,3,0,0,1,일식,144000,12,-1.4,0.0,0.4,0,맑음,비,눈
저녁,전라북도,전주시덕진구,2,3,0,0,1,일식,144000,12,-1.9,0.0,0.4,0,맑음,비,눈
야간,전라북도,전주시덕진구,1,5,0,0,1,일식,119000,6,-3.6,0.0,0.4,0,맑음,비,눈
야간,전라북도,전주시덕진구,1,5,0,0,1,일식,119000,6,-0.5,0.0,0.4,9,흐림,비,눈
야간,전라북도,전주시덕진구,1,5,0,0,1,일식,119000,6,-1.5,0.0,0.4,8,구름많음,비,눈
야간,전라북도,전주시덕진구,1,5,0,0,1,일식,119000,6,-3.0,0.0,0.3,0,맑음,비,눈
야간,전라북도,전주시완산구,1,4,0,0,1,일식,901000,23,5.0,0.0,0.4,10,흐림,비,눈
야간,전라북도,전주시완산구,1,4,0,0,1,일식,901000,23,3.8,0.0,0.4,0,맑음,비,눈
야간,전라북도,전주시완산구,1,4,0,0,1,일식,901000,23,2.9,0.0,0.4,0,맑음,비,눈
야간,전라북도,전주시완산구,1,4,0,0,1,일식,901000,23,1.9,0.0,0.4,0,맑음,비,눈
야간,전라북도,전주시덕진구,1,5,9,9,1,일식,65000,3,1.5,0.0,0.4,0,맑음,비,눈
야간,전라북도,전주시덕진구,1,5,9,9,1,일식,65000,3,7.3,0.0,0.4,9,흐림,비,눈
야간,전라북도,전주시덕진구,1,5,9,9,1,일식,65000,3,7.0,0.0,0.4,1,맑음,비,눈
야간,전라북도,전주시덕진구,1,5,9,9,1,일식,65000,3,6.4,0.0,0.4,6,구름많음,비,눈
점심,전라북도,전주시덕진구,2,6,0,0,1,일식,552000,12,3.1,0.0,0.4,0,맑음,비,눈
점심,전라북도,전주시덕진구,2,6,0,0,1,일식,552000,12,4.2,0.0,0.4,3,구름조금,비,눈
점심,전라북도,전주시덕진구,2,6,0,0,1,일식,552000,12,4.2,0.0,0.4,0,맑음,비,눈
저녁,전라북도,전주시완산구,1,5,0,0,0,일식,594000,24,1.8,0.0,0.4,8,구름많음,비,눈
저녁,전라북도,전주시완산구,1,5,0,0,0,일식,594000,24,1.9,0.0,0.4,9,흐림,비,눈
저녁,전라북도,전주시완산구,1,5,0,0,0,일식,594000,24,1.1,0.0,0.4,2,맑음,비,눈
저녁,전라북도,전주시완산구,1,5,0,0,0,일식,594000,24,0.5,0.0,0.4,2,맑음,비,눈
저녁,전라북도,전주시완산구,1,5,0,0,0,일식,594000,24,-0.2,0.0,0.4,0,맑음,비,눈
저녁,전라북도,전주시완산구,1,5,0,0,0,일식,594000,24,-0.4,0.0,0.4,0,맑음,비,눈
야간,전라북도,전주시덕진구,1,6,0,0,0,일식,126000,12,-2.9,0.0,0.4,0,맑음,비,눈
야간,전라북도,전주시덕진구,1,6,0,0,0,일식,126000,12,0.1,0.0,0.4,10,흐림,비,눈
야간,전라북도,전주시덕진구,1,6,0,0,0,일식,126000,12,-0.2,0.0,0.4,10,흐림,비,눈
야간,전라북도,전주시덕진구,1,6,0,0,0,일식,126000,12,-0.5,0.0,0.4,10,흐림,비,눈
